created_at,description,client_name,image_url,due_date,status,paid
2025-07-12 15:50:22.065895+00,"Holiday Tour ",251b580b-8c25-4e52-a48b-b0d8a49c3350,https://rnhovnbsdiufqdectyjz.supabase.co/storage/v1/object/public/task-images/uploads/1752335421204.jpg,,completed,false
2025-07-12 15:44:03.224018+00,Hajj and umrah,251b580b-8c25-4e52-a48b-b0d8a49c3350,https://rnhovnbsdiufqdectyjz.supabase.co/storage/v1/object/public/task-images/uploads/1752335042712.jpg,,completed,false
2025-07-12 15:41:13.203279+00,Flight ticket,251b580b-8c25-4e52-a48b-b0d8a49c3350,https://rnhovnbsdiufqdectyjz.supabase.co/storage/v1/object/public/task-images/uploads/1752334870165.png,,completed,false
2025-07-12 15:43:50.755629+00,Umrah Visa,251b580b-8c25-4e52-a48b-b0d8a49c3350,https://rnhovnbsdiufqdectyjz.supabase.co/storage/v1/object/public/task-images/uploads/1752335030054.jpg,,completed,false
2025-07-12 15:50:01.155576+00,Certificate attest,251b580b-8c25-4e52-a48b-b0d8a49c3350,https://rnhovnbsdiufqdectyjz.supabase.co/storage/v1/object/public/task-images/uploads/1752335400153.jpg,,completed,false
2025-07-12 15:49:07.176456+00,Family visa,251b580b-8c25-4e52-a48b-b0d8a49c3350,https://rnhovnbsdiufqdectyjz.supabase.co/storage/v1/object/public/task-images/uploads/1752335345870.jpg,,completed,false
2025-07-12 15:45:14.951922+00,Ras al Khaima,251b580b-8c25-4e52-a48b-b0d8a49c3350,https://rnhovnbsdiufqdectyjz.supabase.co/storage/v1/object/public/task-images/uploads/1752335083235.jpg,,completed,false
2025-07-12 15:48:52.910088+00,"Holiday package ",251b580b-8c25-4e52-a48b-b0d8a49c3350,https://rnhovnbsdiufqdectyjz.supabase.co/storage/v1/object/public/task-images/uploads/1752335331554.jpg,,completed,false
2025-07-12 15:46:32.315414+00,Acc details,251b580b-8c25-4e52-a48b-b0d8a49c3350,https://rnhovnbsdiufqdectyjz.supabase.co/storage/v1/object/public/task-images/uploads/1752335190718.jpg,,completed,false
2025-07-12 15:43:24.192944+00,Visa Change by air,251b580b-8c25-4e52-a48b-b0d8a49c3350,https://rnhovnbsdiufqdectyjz.supabase.co/storage/v1/object/public/task-images/uploads/1752335000160.png,,completed,false
2025-07-12 15:49:25.112232+00,Muharram,251b580b-8c25-4e52-a48b-b0d8a49c3350,https://rnhovnbsdiufqdectyjz.supabase.co/storage/v1/object/public/task-images/uploads/1752335364633.jpg,,completed,false